company,oc_date,sponsors,others,document_url
"AutoAI (Nanjing) Technology Co., Ltd.","10/07/2025","CLSA","CMB; SBI","https://www1.hkexnews.hk/app/sehk/2025/107497/documents/sehk25071000873.pdf"
"Qingdao Gon Technology Co., Ltd.","10/07/2025","CMS","CICC; CLSA","https://www1.hkexnews.hk/app/sehk/2025/107485/documents/sehk25071000925.pdf"
"Intsig Information Co., Ltd.","09/07/2025","CICC","CLSA","https://www1.hkexnews.hk/app/sehk/2025/107479/documents/sehk25070900940.pdf"
"Shanghai Longcheer Technology Co., Ltd.","09/07/2025","Citi; Haitong; Guotai Junan","Huatai","https://www1.hkexnews.hk/app/sehk/2025/107505/documents/sehk25070900720.pdf"
"Shanghai Sunmi Technology Co., Ltd.","09/07/2025","Deutsche Bank; CLSA; ABCI","CMB","https://www1.hkexnews.hk/app/sehk/2025/107476/documents/sehk25070900840.pdf"
"Viewtrix Technology Co., Ltd.","09/07/2025","CICC; CLSA","GF Securities","https://www1.hkexnews.hk/app/sehk/2025/107480/documents/sehk25070900900.pdf"
"EACON Group Co., Ltd","08/07/2025","Haitong","CLSA; Macquarie","https://www1.hkexnews.hk/app/sehk/2025/107473/documents/sehk25070801179.pdf"
"MegaRobo Technologies Limited","08/07/2025","","ABCI; BOCI Asia; Morgan Stanley; Huatai; Deutsche Bank AG; CCB","https://www1.hkexnews.hk/app/sehk/2025/107477/documents/sehk25070800006.pdf"
"Zhejiang Galaxis Technology Group Co., Ltd.","08/07/2025","Guotai Junan; CLSA","CMB","https://www1.hkexnews.hk/app/sehk/2025/107475/documents/sehk25070800286.pdf"
"LXJ International Holdings Limited","07/07/2025","CICC; Haitong","Guoyuan","https://www1.hkexnews.hk/app/sehk/2025/107527/documents/sehk25070701743.pdf"
"Shenzhen Senior Technology Material Co., Ltd.","07/07/2025","","China Securities","https://www1.hkexnews.hk/app/sehk/2025/107526/documents/sehk25070701489.pdf"
"Standard Robots (Wuxi) Co., Ltd.","07/07/2025","CLSA; Guotai Junan","China Securities","https://www1.hkexnews.hk/app/sehk/2025/107470/documents/sehk25070701513.pdf"
"Weichai Lovol Intelligent Agricultural Technology Co., Ltd.","04/07/2025","CICC","Huatai; DBS; Zhongtai","https://www1.hkexnews.hk/app/sehk/2025/107465/documents/sehk25070401319.pdf"
"MeiG Smart Technology Co., Ltd.","03/07/2025","CICC","BNP Paribas","https://www1.hkexnews.hk/app/sehk/2025/107455/documents/sehk25070300016.pdf"
"Shenzhen Cheng-Tech Co., Ltd.","03/07/2025","Guotai Junan","Guosen Securities Capital","https://www1.hkexnews.hk/app/sehk/2025/107468/documents/sehk25070302264.pdf"
"WeiMai Inc.","03/07/2025","","CMS; Deutsche Bank","https://www1.hkexnews.hk/app/sehk/2025/107488/documents/sehk25062700428.pdf"
"Guangzhou Shiyuan Electronic Technology Company Limited","02/07/2025","CICC; GF Securities","CMB; Huatai","https://www1.hkexnews.hk/app/sehk/2025/107451/documents/sehk25070202119.pdf"
"Micro Connect International Finance Company Limited","02/07/2025","The Hongkong and Shanghai Banking","CICC; Deutsche Bank","https://www1.hkexnews.hk/app/sehk/2025/107459/documents/sehk25070203652.pdf"
"Shenzhen Zhaowei Machinery & Electronics Co., Ltd.","02/07/2025","CMS; Deutsche Bank","CLSA; Deutsche Bank AG","https://www1.hkexnews.hk/app/sehk/2025/107456/documents/sehk25070204098.pdf"
"Yusys Technologies Co., Ltd.","02/07/2025","BNP Paribas; Huatai","China Galaxy","https://www1.hkexnews.hk/app/sehk/2025/107460/documents/sehk25070204086.pdf"
"Nations Technologies Inc.","01/07/2025","","CLSA; BOCOM","https://www1.hkexnews.hk/app/sehk/2025/107482/documents/sehk25070100063.pdf"
"Beijing Tong Ren Tang Healthcare Investment Co., Ltd.","30/06/2025","CICC","","https://www1.hkexnews.hk/app/sehk/2025/107518/documents/sehk25063003705.pdf"
"EVE Energy Co., Ltd.","30/06/2025","","CLSA","https://www1.hkexnews.hk/app/sehk/2025/107513/documents/sehk25063000794.pdf"
"Megatronix Inc.","30/06/2025","","CICC; Citi; Deutsche Bank","https://www1.hkexnews.hk/app/sehk/2025/107514/documents/sehk25063001355.pdf"
"Puxiang Healthcare Holding Limited","30/06/2025","","Shenwan Hongyuan; ABCI","https://www1.hkexnews.hk/app/sehk/2025/107511/documents/sehk25063000294.pdf"
"Reconova Technologies Co., Ltd.","30/06/2025","","Huatai; CCB; ABCI","https://www1.hkexnews.hk/app/sehk/2025/107520/documents/sehk25063004617.pdf"
"Robotphoenix Intelligent Technology Co., Ltd.","30/06/2025","ABCI","","https://www1.hkexnews.hk/app/sehk/2025/107517/documents/sehk25063003567.pdf"
"Shandong Linglong Tyre Co., Ltd.","30/06/2025","","CLSA; CMB","https://www1.hkexnews.hk/app/sehk/2025/107519/documents/sehk25063004397.pdf"
"Shanghai MediTrust Health Technology Group Co., Ltd.","30/06/2025","","CICC; The Hongkong and Shanghai Banking","https://www1.hkexnews.hk/app/sehk/2025/107512/documents/sehk25063000704.pdf"
"Shenzhen Woer Heat-Shrinkable Material Co., Ltd.","30/06/2025","","China Securities; CMS; Shanxi","https://www1.hkexnews.hk/app/sehk/2025/107449/documents/sehk25063004405.pdf"
"Silicon Magic Semiconductor Technology (Hangzhou) Co., Ltd.","30/06/2025","","Huatai","https://www1.hkexnews.hk/app/sehk/2025/107516/documents/sehk25063003273.pdf"
"Yangtuo Technology Inc.","30/06/2025","","CLSA","https://www1.hkexnews.hk/app/sehk/2025/107510/documents/sehk25063000182.pdf"
"Zijin Gold International Company Limited","30/06/2025","","Morgan Stanley; CLSA","https://www1.hkexnews.hk/app/sehk/2025/107515/documents/sehk25063004285.pdf"
"BlissBio Inc.","29/06/2025","","Huatai; CCB","https://www1.hkexnews.hk/app/sehk/2025/107507/documents/sehk25062900224.pdf"
"Hangzhou Diagens Biotechnology Co., Ltd.","29/06/2025","","Huatai","https://www1.hkexnews.hk/app/sehk/2025/107506/documents/sehk25062900128.pdf"
"Shanghai Jin Jiang International Hotels Co., Ltd.","29/06/2025","Orient Securities","","https://www1.hkexnews.hk/app/sehk/2025/107508/documents/sehk25062900314.pdf"
"160 Health International Limited","27/06/2025","","Shenwan Hongyuan; Zero2IPO Securities","https://www1.hkexnews.hk/app/sehk/2025/107498/documents/sehk25062703777.pdf"
"Anhui Haimacloud Technology Co., Ltd.","27/06/2025","","CICC; CMB","https://www1.hkexnews.hk/app/sehk/2025/107502/documents/sehk25062704103.pdf"
"GenFleet Therapeutics (Shanghai) Inc.","27/06/2025","CLSA","BOCOM; Fosun; ABCI","https://www1.hkexnews.hk/app/sehk/2025/107496/documents/sehk25062703453.pdf"
"Hebei Asset Management Co., Limited","27/06/2025","","Shanxi; CCB","https://www1.hkexnews.hk/app/sehk/2025/107504/documents/sehk25062704195.pdf"
"Jiangxi Qiyunshan Food Co., Ltd.","27/06/2025","","Zhongtai","https://www1.hkexnews.hk/app/sehk/2025/107484/documents/sehk25062700152.pdf"
"Jingze Biopharmaceutical (Hefei) Co., Ltd.","27/06/2025","","CICC; Guoyuan","https://www1.hkexnews.hk/app/sehk/2025/107493/documents/sehk25062703069.pdf"
"OmniVision Integrated Circuits Group, Inc.","27/06/2025","","CICC; Ping An Securities; GF Securities","https://www1.hkexnews.hk/app/sehk/2025/107490/documents/sehk25062702135.pdf"
"Ridge Outdoor International Limited","27/06/2025","","CICC","https://www1.hkexnews.hk/app/sehk/2025/107501/documents/sehk25062703899.pdf"
"SinoHyKey Technology Guangzhou Co., Ltd.","27/06/2025","","Haitong; CLSA","https://www1.hkexnews.hk/app/sehk/2025/107495/documents/sehk25062703435.pdf"
"Suzhou ecMAX Information Technology Co., Ltd.","27/06/2025","","CLSA; CMS; CCB; CEB; Zhongtai","https://www1.hkexnews.hk/app/sehk/2025/107457/documents/sehk25062700500.pdf"
"Yonyou Network Technology Co., Ltd.","27/06/2025","","CMB; CLSA","https://www1.hkexnews.hk/app/sehk/2025/107494/documents/sehk25062703209.pdf"
"Zhuhai Comking Electric Co., Ltd.","27/06/2025","","Fosun; Innovax Securities","https://www1.hkexnews.hk/app/sehk/2025/107487/documents/sehk25062700328.pdf"
"Allystar Technology (Shenzhen) Co., Ltd.","25/06/2025","","CMB; Ping An Securities; CLSA","https://www1.hkexnews.hk/app/sehk/2025/107435/documents/sehk25062502177.pdf"
"Coosea Smart Technology Company Limited","25/06/2025","","CLSA","https://www1.hkexnews.hk/app/sehk/2025/107471/documents/sehk25062500320.pdf"
"Delton Technology (Guangzhou) Inc.","25/06/2025","CLSA; The Hongkong and Shanghai Banking","GF Securities; Huatai","https://www1.hkexnews.hk/app/sehk/2025/107433/documents/sehk25062500424.pdf"
"Immvira Bioscience Inc.","25/06/2025","","Citi; CICC",""
"GigaDevice Semiconductor Inc.","23/06/2025","","CICC; Huatai","https://www1.hkexnews.hk/app/sehk/2025/107462/documents/sehk25061901349.pdf"
"PPLabs Technology Limited","20/06/2025","","ICBC; Shenwan Hongyuan","https://www1.hkexnews.hk/app/sehk/2025/107464/documents/sehk25062001211.pdf"
"Gpixel Changchun Microelectronics Inc.","19/06/2025","","CLSA; Guotai Junan","https://www1.hkexnews.hk/app/sehk/2025/107461/documents/sehk25061901057.pdf"
"Shanghai Able Digital Science&Tech Co., Ltd.","18/06/2025","","ABCI","https://www1.hkexnews.hk/app/sehk/2025/107458/documents/sehk25061801700.pdf"
"Beijing Haizhi Technology Group Co., Ltd.","17/06/2025","","CMB; BOCI Asia; Shenwan Hongyuan","https://www1.hkexnews.hk/app/sehk/2025/107452/documents/sehk25061701306.pdf"
"EpimAb Biotherapeutics Inc.","17/06/2025","","CLSA; CMB","https://www1.hkexnews.hk/app/sehk/2025/107454/documents/sehk25061701408.pdf"
"Beijing ESWIN Computing Technology Co., Ltd.","16/06/2025","CLSA; China Securities","GF Securities; Huatai","https://www1.hkexnews.hk/app/sehk/2025/107412/documents/sehk25061600799.pdf"
"Hope Sea Inc.","16/06/2025","","ABCI","https://www1.hkexnews.hk/app/sehk/2025/107450/documents/sehk25061601714.pdf"
"Yunnan Jinxun Resources Co., Ltd.","15/06/2025","Huatai","CLSA","https://www1.hkexnews.hk/app/sehk/2025/107419/documents/sehk25061500010.pdf"
"ALSCO Pooling Service Co., Ltd.","13/06/2025","China Securities","","https://www1.hkexnews.hk/app/sehk/2025/107436/documents/sehk25061301544.pdf"
"Xuanzhu Biopharmaceutical Co., Ltd.","13/06/2025","","CICC; CMB","https://www1.hkexnews.hk/app/sehk/2025/107438/documents/sehk25061301908.pdf"
"Ganzhou Hemay Pharmaceutical Co., Ltd.","12/06/2025","","SDICS; SPDB","https://www1.hkexnews.hk/app/sehk/2025/107411/documents/sehk25061200539.pdf"
"Jiangsu Riyu Photovoltaic New Material Co., Ltd.","12/06/2025","Guotai Junan","CLSA; ABCI; Guosen Securities Capital","https://www1.hkexnews.hk/app/sehk/2025/107407/documents/sehk25061201175.pdf"
"JoulWatt Technology Co., Ltd.","12/06/2025","CLSA","CMB; ICBC; Yellow River Securities; GF Securities; SDICS","https://www1.hkexnews.hk/app/sehk/2025/107413/documents/sehk25061200304.pdf"
"Unisplendour Corporation Limited","12/06/2025","China Securities; BNP Paribas; CMB","China Galaxy; CCB; BOCI Asia; ABCI","https://www1.hkexnews.hk/app/sehk/2025/107410/documents/sehk25061201279.pdf"
"CF PharmTech, Inc.","11/06/2025","","CLSA; CMB; CCB","https://www1.hkexnews.hk/app/sehk/2025/107434/documents/sehk25061101455.pdf"
"UISEE Technologies (Beijing) Co., Ltd.","11/06/2025","","CLSA; BOCOM; DBS; China Galaxy","https://www1.hkexnews.hk/app/sehk/2025/107405/documents/sehk25061101367.pdf"
"Mininglamp Technology - W (formerly known as Leading Smart Holdings Limited","10/06/2025","CICC","CLSA","https://www1.hkexnews.hk/app/sehk/2025/107429/documents/sehk25061001248.pdf"
"Shanghai Seer Intelligent Technology Co., Ltd.","10/06/2025","CICC","CMB","https://www1.hkexnews.hk/app/sehk/2025/107400/documents/sehk25061001432.pdf"
"Shenzhen Han's CNC Technology Co., Ltd.","10/06/2025","CICC","Deutsche Bank","https://www1.hkexnews.hk/app/sehk/2025/107415/documents/sehk25061001006.pdf"
"Guangzhou Innogen Pharmaceutical Group Co., Ltd.","09/06/2025","CLSA; CICC","Deutsche Bank; Macquarie","https://www1.hkexnews.hk/app/sehk/2025/107428/documents/sehk25060901599.pdf"
"Shenzhen Chuangzhi Semi-link Technology Co., Ltd.","09/06/2025","","Haitong; CCB; CMS","https://www1.hkexnews.hk/app/sehk/2025/107427/documents/sehk25060901523.pdf"
"Worldwide Logistics Holding Inc.","09/06/2025","CLSA; CMB","China Industrial","https://www1.hkexnews.hk/app/sehk/2025/107399/documents/sehk25060900807.pdf"
"Switchbot (Shenzhen) Co., Ltd.","08/06/2025","Guotai Junan; Huatai","","https://www1.hkexnews.hk/app/sehk/2025/107426/documents/sehk25060800138.pdf"
"Beijing Sinotau International Pharmaceutical Technology Co., Ltd.","06/06/2025","","CICC; CLSA; GF Securities; DBS; CMB","https://www1.hkexnews.hk/app/sehk/2025/107395/documents/sehk25060601346.pdf"
"52TOYS Development Co., Ltd.","05/06/2025","Citi; Huatai","GF Securities","https://www1.hkexnews.hk/app/sehk/2025/107389/documents/sehk25060500514.pdf"
"SANY Heavy Industry Co., Ltd.","05/06/2025","CLSA","CICC","https://www1.hkexnews.hk/app/sehk/2025/107388/documents/sehk25060502412.pdf"
"Shenzhen Hipine Precision Technology Co., Ltd.","04/06/2025","","Ping An Securities","https://www1.hkexnews.hk/app/sehk/2025/107421/documents/sehk25060302776.pdf"
"Hanx Biopharmaceuticals (Wuhan) Co., Ltd.","02/06/2025","ICBC","CLSA; China Securities; CMS; Haitong; CCB","https://www1.hkexnews.hk/app/sehk/2025/107420/documents/sehk25060203419.pdf"
"Beijing 51World Digital Twin Technology Co., Ltd.","30/05/2025","CICC; Huatai","CMB; China Securities","https://www1.hkexnews.hk/app/sehk/2025/107417/documents/sehk25053002718.pdf"
"Sainte Nutritional Inc.","30/05/2025","","CLSA","https://www1.hkexnews.hk/app/sehk/2025/107416/documents/sehk25053002638.pdf"
"Shandong Kuailv Technology Development Co., Ltd.","30/05/2025","","BOCOM; CCB; ICBC","https://www1.hkexnews.hk/app/sehk/2025/107387/documents/sehk25053002516.pdf"
"Easylive Group Inc.","29/05/2025","","Ping An Securities","https://www1.hkexnews.hk/app/sehk/2025/107408/documents/sehk25052902099.pdf"
"Shanghai Forest Cabin Biological-Tech Co., Ltd.","29/05/2025","","CLSA; Huatai","https://www1.hkexnews.hk/app/sehk/2025/107409/documents/sehk25052902089.pdf"
"Beijing DeepZero Technology Co., Ltd.","28/05/2025","","ICBC","https://www1.hkexnews.hk/app/sehk/2025/107403/documents/sehk25052801647.pdf"
"Shanghai Keying E-Commerce Co., Ltd.","28/05/2025","","China Securities; GF Securities","https://www1.hkexnews.hk/app/sehk/2025/107404/documents/sehk25052801777.pdf"
"BASiC Semiconductor Co., Ltd.","27/05/2025","","CLSA; Sinolink Securities; BOCI Asia","https://www1.hkexnews.hk/app/sehk/2025/107398/documents/sehk25052700713.pdf"
"FS.COM Limited","27/05/2025","","CICC; China Securities; CMS","https://www1.hkexnews.hk/app/sehk/2025/107401/documents/sehk25052701650.pdf"
"Muyuan Foods Co., Ltd.","27/05/2025","","Morgan Stanley; CLSA","https://www1.hkexnews.hk/app/sehk/2025/107397/documents/sehk25052700266.pdf"
"Shanghai Top Numerical Control Technology Co., Ltd.","26/05/2025","","Guotai Junan; CCB","https://www1.hkexnews.hk/app/sehk/2025/107396/documents/sehk25052601736.pdf"
"Elpiscience Biopharmaceuticals, Inc.","23/05/2025","CLSA","","https://www1.hkexnews.hk/app/sehk/2025/107393/documents/sehk25052301874.pdf"
"Freetech (Zhejiang) Intelligent Technology Co., Ltd.","23/05/2025","CLSA; CICC; Huatai; The Hongkong and Shanghai Banking","Deutsche Bank","https://www1.hkexnews.hk/app/sehk/2025/107391/documents/sehk25052300202.pdf"
"Jiangsu New Vision Automotive Electronics Co., Ltd.","23/05/2025","Haitong; CLSA","BOCI Asia","https://www1.hkexnews.hk/app/sehk/2025/107351/documents/sehk25052301512.pdf"
"Shenzhen SDMC Technology Co., Ltd.","23/05/2025","","China Securities","https://www1.hkexnews.hk/app/sehk/2025/107394/documents/sehk25052301952.pdf"
"JST Group Corporation Limited","22/05/2025","","CICC; JPMorgan","https://www1.hkexnews.hk/app/sehk/2025/107390/documents/sehk25052201654.pdf"
"Janbon High Tech Co., Ltd.","15/05/2025","","CMB; CMBC Securities; Livermore; China Securities","https://www1.hkexnews.hk/app/sehk/2025/107331/documents/sehk25051500716.pdf"
"Nuobikan Artificial Intelligence Technology (Chengdu) Co., Ltd.","14/05/2025","","CICC","https://www1.hkexnews.hk/app/sehk/2025/107367/documents/sehk25051401052.pdf"
"Eastenova (Chengdu) Biotechnology Co., Ltd.","12/05/2025","","CCB","https://www1.hkexnews.hk/app/sehk/2025/107366/documents/sehk25051201289.pdf"
"OUR United Corporation","12/05/2025","China Securities; SPDB; CMBC Securities","CCB; CMB; DBS","https://www1.hkexnews.hk/app/sehk/2025/107317/documents/sehk25051200876.pdf"
"Hangzhou Tongshifu Cultural and Creative (Group) Co., Ltd.","09/05/2025","","CMB","https://www1.hkexnews.hk/app/sehk/2025/107350/documents/sehk25050901308.pdf"
"Shanghai Fuiou Payment Service Corp., Ltd.","09/05/2025","","CLSA; Shenwan Hongyuan","https://www1.hkexnews.hk/app/sehk/2025/107352/documents/sehk25050901500.pdf"
"Three Squirrels Inc.","09/05/2025","CLSA","CICC; Huatai","https://www1.hkexnews.hk/app/sehk/2025/107311/documents/sehk25050900742.pdf"
"Zhongding Intelligent (Wuxi) Technology Co., Ltd.","09/05/2025","","Guotai Junan","https://www1.hkexnews.hk/app/sehk/2025/107353/documents/sehk25050901580.pdf"
"Cloudchain Group Co., Ltd.","06/05/2025","","China Securities; ABCI; ICBC; Maxa Capital","https://www1.hkexnews.hk/app/sehk/2025/107346/documents/sehk25050602794.pdf"
"CNGR Advanced Material Co., Ltd.","06/05/2025","Morgan Stanley; Huatai","CICC; BNP Paribas; ABCI","https://www1.hkexnews.hk/app/sehk/2025/107306/documents/sehk25050602316.pdf"
"Busy Ming Group Co., Ltd.","02/05/2025","Huatai; Goldman Sachs","Deutsche Bank","https://www1.hkexnews.hk/app/sehk/2025/107321/documents/sehk25050203094.pdf"
"Axbio International Limited","30/04/2025","","CICC; SPDB","https://www1.hkexnews.hk/app/sehk/2025/107327/documents/sehk25043003715.pdf"
"Huoli Group Holdings Limited","30/04/2025","","CMS; CMBC Securities","https://www1.hkexnews.hk/app/sehk/2025/107328/documents/sehk25043004110.pdf"
"Nanjing Perlove Medical Equipment Co., Ltd.","30/04/2025","","Guotai Junan","https://www1.hkexnews.hk/app/sehk/2025/107326/documents/sehk25043003243.pdf"
"Terminus Smart Technology Co., Ltd. (formerly known as Chongqing Terminus Smart Technology Inc., Co., Ltd.","30/04/2025","","CLSA; Haitong; GF Securities","https://www1.hkexnews.hk/app/sehk/2025/107330/documents/sehk25043004430.pdf"
"Keytop Parking Inc.","29/04/2025","","CICC; CMBC Securities","https://www1.hkexnews.hk/app/sehk/2025/107324/documents/sehk25042905247.pdf"
"Boxihe Outdoor Sports Group Co., Ltd.","28/04/2025","","CLSA; CICC","https://www1.hkexnews.hk/app/sehk/2025/107315/documents/sehk25042800396.pdf"
"Guoxia Technology Co., Ltd.","28/04/2025","CEB","Livermore","https://www1.hkexnews.hk/app/sehk/2025/107323/documents/sehk25042804692.pdf"
"JA Solar Technology Co., Ltd.","28/04/2025","","CLSA; CICC","https://www1.hkexnews.hk/app/sehk/2025/107319/documents/sehk25042802651.pdf"
"Nanhua Futures Co., Ltd.","28/04/2025","CLSA","HGNH","https://www1.hkexnews.hk/app/sehk/2025/107301/documents/sehk25042802829.pdf"
"Seres Group Co., Ltd.","28/04/2025","","CICC; China Galaxy","https://www1.hkexnews.hk/app/sehk/2025/107318/documents/sehk25042801702.pdf"
"Shenzhen Hongyeji Geotechnical Technology Co., Ltd.","28/04/2025","","CMS; BOCI Asia","https://www1.hkexnews.hk/app/sehk/2025/107322/documents/sehk25042804698.pdf"
"Deepexi Technology Co., Ltd.","25/04/2025","CLSA; CMBC Securities; Guotai Junan; SPDB; BOCOM","Livermore","https://www1.hkexnews.hk/app/sehk/2025/107298/documents/sehk25042501648.pdf"
"Hongxing Coldchain (Hunan) Co., Ltd.","25/04/2025","","CCB; ABCI","https://www1.hkexnews.hk/app/sehk/2025/107310/documents/sehk25042503674.pdf"
"Suzhou Novosense Microelectronics Co., Ltd.","25/04/2025","","CICC; CLSA; CCB","https://www1.hkexnews.hk/app/sehk/2025/107309/documents/sehk25042502928.pdf"
"Suzhou Ribo Life Science Co., Ltd.","25/04/2025","","CICC; Citi","https://www1.hkexnews.hk/app/sehk/2025/107314/documents/sehk25042504292.pdf"
"Epiworld International Co., Ltd.","23/04/2025","CICC","ICBC; Orient Securities","https://www1.hkexnews.hk/app/sehk/2025/107286/documents/sehk25042300224.pdf"
"Everdisplay Optronics (Shanghai) Co., Ltd.","23/04/2025","","CICC","https://www1.hkexnews.hk/app/sehk/2025/107308/documents/sehk25042302642.pdf"
"Sichuan Neautus Traditional Chinese Medicine Co., Ltd.","17/04/2025","GF Securities; ABCI","ICBC","https://www1.hkexnews.hk/app/sehk/2025/107267/documents/sehk25041700192.pdf"
"Xizang Zhihui Mining Co., Ltd.","17/04/2025","","Maxa Capital; Sinolink Securities","https://www1.hkexnews.hk/app/sehk/2025/107300/documents/sehk25041701646.pdf"
"Liuliu Orchard Group Co., Ltd.","16/04/2025","","CLSA; Guoyuan","https://www1.hkexnews.hk/app/sehk/2025/107299/documents/sehk25041602012.pdf"
"Guangzhou Xiao Noodles Catering Management Co., Ltd.","15/04/2025","CMB","CLSA","https://www1.hkexnews.hk/app/sehk/2025/107294/documents/sehk25041500114.pdf"
"Shenzhen Sunyou Cross-border Logistics Co., Ltd.","15/04/2025","","China Securities","https://www1.hkexnews.hk/app/sehk/2025/107295/documents/sehk25041501464.pdf"
"Jiangxi Institute of Biological Products Inc.","11/04/2025","","CICC; CMS","https://www1.hkexnews.hk/app/sehk/2025/107292/documents/sehk25041101828.pdf"
"JINGDONG Industrials, Inc.","11/04/2025","","Merrill Lynch (Asia Pacific); Haitong; UBS; Huatai; Goldman Sachs","https://www1.hkexnews.hk/app/sehk/2025/107246/documents/sehk25041100010.pdf"
"Xiamen Hithium Energy Storage Technology Co., Ltd.","08/04/2025","Huatai; CLSA; ABCI; BOCI Asia","Deutsche Bank; CCB","https://www1.hkexnews.hk/app/sehk/2025/107228/documents/sehk25040801175.pdf"
"Lalatech Holdings Limited","03/04/2025","","Merrill Lynch (Asia Pacific); JPMorgan","https://www1.hkexnews.hk/app/sehk/2025/107268/documents/sehk25040302483.pdf"
"Qingdao Windaka Technology Co., Ltd.","03/04/2025","","Shanxi; Rainbow Capital","https://www1.hkexnews.hk/app/sehk/2025/107269/documents/sehk25040302733.pdf"
"Beijing Yunji Technology Co., Ltd.","02/04/2025","CLSA; CCB","SDICS","https://www1.hkexnews.hk/app/sehk/2025/107209/documents/sehk25040201994.pdf"
"Distinct Healthcare Holdings Limited","01/04/2025","Haitong; SPDB","CMB; CCB; China Galaxy","https://www1.hkexnews.hk/app/sehk/2025/107206/documents/sehk25040101479.pdf"
"Jiaxin International Resources Investment Limited","31/03/2025","CICC","China Galaxy","https://www1.hkexnews.hk/app/sehk/2025/107248/documents/sehk25033102590.pdf"
"Annoroad Gene Technology (Beijing) Co., Ltd.","25/03/2025","","CCB; Guotai Junan","https://www1.hkexnews.hk/app/sehk/2025/107227/documents/sehk25032501928.pdf"
"PATEO CONNECT Technology (Shanghai) Corporation","25/03/2025","","CICC; Guotai Junan; CMB; Huatai; CLSA","https://www1.hkexnews.hk/app/sehk/2025/107226/documents/sehk25032501308.pdf"
"AOLG Services Group Co., Ltd","21/03/2025","ABCI","","https://www1.hkexnews.hk/app/sehk/2025/107207/documents/sehk25032100204.pdf"
"Shenzhen Longsys Electronics Co., Ltd.","21/03/2025","","Citi; CLSA","https://www1.hkexnews.hk/app/sehk/2025/107208/documents/sehk25032100879.pdf"
"Chery Automobile Co., Ltd.","14/03/2025","CICC; Huatai; GF Securities","CLSA","https://www1.hkexnews.hk/app/sehk/2025/107145/documents/sehk25031400798.pdf"
"Hebei Haiwei Electronic New Material Technology Co., Ltd.","13/03/2025","CICC","CLSA; China Securities","https://www1.hkexnews.hk/app/sehk/2025/107140/documents/sehk25031300010.pdf"
"Solarspace Technology Co., Ltd.","13/03/2025","","China Securities; Corporate Finance; CLSA","https://www1.hkexnews.hk/app/sehk/2025/107187/documents/sehk25031301548.pdf"
"Shuangdeng Group Co., Ltd.","12/03/2025","","CICC; Huatai; CCB","https://www1.hkexnews.hk/app/sehk/2025/107186/documents/sehk25031200008.pdf"
"Uni-Star Interactive Holding Limited","12/03/2025","CICC","Deutsche Bank; CCB","https://www1.hkexnews.hk/app/sehk/2025/107141/documents/sehk25031201060.pdf"
"SICC Co., Ltd.","10/03/2025","","Haitong; BOCI Asia; UOB Kay Hian; CICC; CLSA","https://www1.hkexnews.hk/app/sehk/2025/107138/documents/sehk25031001269.pdf"
"SATP Holding Inc.","07/03/2025","CLSA","CICC; CCB; ABCI","https://www1.hkexnews.hk/app/sehk/2025/107166/documents/sehk25030701338.pdf"
"Genuine Biotech Limited","04/03/2025","CICC","CMB; Huatai; Shenwan Hongyuan","https://www1.hkexnews.hk/app/sehk/2025/107133/documents/sehk25030402103.pdf"
"Baige Online Digital Technology Co., Ltd.","28/02/2025","","CMBC Securities; BOCI Asia","https://www1.hkexnews.hk/app/sehk/2025/107146/documents/sehk25022801842.pdf"
"Huge Dental Limited","28/02/2025","","CICC; DBS; Zhongtai; Daiwa","https://www1.hkexnews.hk/app/sehk/2025/107132/documents/sehk25022801330.pdf"
"Seyond Holdings Ltd.","26/02/2025","","China Securities; Zero2IPO Securities; CLSA","https://www1.hkexnews.hk/app/sehk/2025/107128/documents/sehk25022600830.pdf"
"Wuxi Lead Intelligent Equipment Co., Ltd.","25/02/2025","","CLSA; JPMorgan","https://www1.hkexnews.hk/app/sehk/2025/107139/documents/sehk25022500578.pdf"
"Sigenergy Technology Co., Ltd.","21/02/2025","","CLSA; BNP Paribas","https://www1.hkexnews.hk/app/sehk/2025/107134/documents/sehk25022101034.pdf"
"Manycore Tech Inc.","14/02/2025","","JPMorgan; CCB","https://www1.hkexnews.hk/app/sehk/2025/107129/documents/sehk25021401102.pdf"
"USAS Building System (Shanghai) Co., Ltd.","14/02/2025","","Shenwan Hongyuan","https://www1.hkexnews.hk/app/sehk/2025/107130/documents/sehk25021401440.pdf"
"Vigonvita Life Sciences Co., Ltd.","11/02/2025","CLSA","CICC; ABCI; China Galaxy","https://www1.hkexnews.hk/app/sehk/2025/107116/documents/sehk25021100186.pdf"
"Adaspace Technology Co., Ltd.","10/02/2025","","CCB; Guotai Junan","https://www1.hkexnews.hk/app/sehk/2025/107117/documents/sehk25021001020.pdf"
"QingSong Health Corporation","28/01/2025","","CICC; CMS","https://www1.hkexnews.hk/app/sehk/2025/107120/documents/sehk25012800905.pdf"
"Softcare Limited","27/01/2025","","CICC; CLSA; GF Securities","https://www1.hkexnews.hk/app/sehk/2025/107119/documents/sehk25012701494.pdf"
"Hi-Think Technology International Limited","24/01/2025","","CLSA; Daiwa","https://www1.hkexnews.hk/app/sehk/2025/107115/documents/sehk25012401922.pdf"
"Ningbo Joyson Electronic Corp.","24/01/2025","CICC; UBS","CMB","https://www1.hkexnews.hk/app/sehk/2025/107094/documents/sehk25012401928.pdf"
"Shandong Victorysoft Co., Ltd.","23/01/2025","","GF Securities","https://www1.hkexnews.hk/app/sehk/2025/107111/documents/sehk25012301155.pdf"
"Fujian Lemo IoT Technology Co., Ltd","21/01/2025","","China Securities; Shenwan Hongyuan","https://www1.hkexnews.hk/app/sehk/2025/107109/documents/sehk25012101237.pdf"
"Shanghai Bao Pharmaceuticals Co., Ltd.","21/01/2025","","CLSA; Haitong","https://www1.hkexnews.hk/app/sehk/2025/107103/documents/sehk25012100975.pdf"
"Sichuan Biokin Pharmaceutical Co., Ltd.","21/01/2025","","Goldman Sachs; JPMorgan; CLSA","https://www1.hkexnews.hk/app/sehk/2025/107104/documents/sehk25012101101.pdf"
"Goertek Microelectronics Inc.","20/01/2025","","CICC; China Securities; CMB","https://www1.hkexnews.hk/app/sehk/2025/107099/documents/sehk25012000435.pdf"
"Bama Tea Co., Ltd.","17/01/2025","","Huatai; ABCI; TFI","https://www1.hkexnews.hk/app/sehk/2025/107097/documents/sehk25011701319.pdf"
"Videotimes Technology Holdings Limited","17/01/2025","","Kingsway","https://www1.hkexnews.hk/app/sehk/2025/107096/documents/sehk25011701165.pdf"
"Aux Electric Co., Ltd.","15/01/2025","","CICC; Orient Securities","https://www1.hkexnews.hk/app/sehk/2025/107089/documents/sehk25011500267.pdf"
"Donson Marketing Technology Limited","15/01/2025","","Haitong; BOCI Asia","https://www1.hkexnews.hk/app/sehk/2025/107093/documents/sehk25011501406.pdf"
"Impression Dahongpao Co., Ltd.","15/01/2025","","China Industrial","https://www1.hkexnews.hk/app/sehk/2025/107092/documents/sehk25011501308.pdf"
"Innovation Global Industries Holdings Limited","13/01/2025","","CICC; Huatai","https://www1.hkexnews.hk/app/sehk/2025/107088/documents/sehk25011301047.pdf"
"Coland Ocean Group Limited","12/01/2025","","Yue Xiu Capital","https://www1.hkexnews.hk/app/sehk/2025/107086/documents/sehk25011200158.pdf"